{"cameraMode":{"drawMode":0,"name":"Shaded","section":"Shading Mode"},"sceneLighting":true,"audioPlay":false,"sceneViewState":{"showFog":true,"showMaterialUpdate":false,"showSkybox":true,"showFlares":true,"showImageEffects":true,"showParticleSystems":true},"in2DMode":false,"pivot":{"x":0.061455607414245608,"y":0.0389837808907032,"z":-0.1291571408510208},"rotation":{"x":-0.12147194892168045,"y":0.024412622675299646,"z":-0.002988205524161458,"w":-0.9922942519187927},"size":19.36031723022461,"orthographic":false}